<?xml version="1.0" encoding="UTF-8"?>
<beans xmlns="http://www.springframework.org/schema/beans"
	xmlns:xsi="http://www.w3.org/2001/XMLSchema-instance"
	xmlns:p="http://www.springframework.org/schema/p"
	xmlns:c="http://www.springframework.org/schema/c"
	xmlns:aop="http://www.springframework.org/schema/aop"
	xmlns:context="http://www.springframework.org/schema/context"
	xmlns:jee="http://www.springframework.org/schema/jee"
	xmlns:tx="http://www.springframework.org/schema/tx"
	xmlns:task="http://www.springframework.org/schema/task"
	xsi:schemaLocation="http://www.springframework.org/schema/aop http://www.springframework.org/schema/aop/spring-aop-3.2.xsd http://www.springframework.org/schema/beans http://www.springframework.org/schema/beans/spring-beans-3.2.xsd http://www.springframework.org/schema/context http://www.springframework.org/schema/context/spring-context-3.2.xsd http://www.springframework.org/schema/jee http://www.springframework.org/schema/jee/spring-jee-3.2.xsd http://www.springframework.org/schema/tx http://www.springframework.org/schema/tx/spring-tx-3.2.xsd http://www.springframework.org/schema/task http://www.springframework.org/schema/task/spring-task-3.2.xsd">
	<context:component-scan
		base-package="com.om.cls" />

	<bean id="booka" class="com.om.cls.Books">
		<property name="id" value="21222"></property>
		<property name="bname" value="Quiet sigh of morr"></property>
		<property name="bauth" value="Salman Khan"></property>
	</bean>
	<bean id="bact" class="com.om.cls.BankAccount">
		<constructor-arg name="a" value="CBA212S"></constructor-arg>
		<constructor-arg name="b" value="HSBC"></constructor-arg>
		<constructor-arg name="c" value="Hu Jin Tao Haa"></constructor-arg>
	</bean>
	<bean id="Ledgehome" class="com.om.cls.LedgerBook">
		<property name="LeId" value="1"></property>
		<property name="LeCat" value="Detergents"></property>
		<constructor-arg name="quatity" value="234"></constructor-arg>
		<constructor-arg name="leItem" value="Washing Powder"></constructor-arg>
	</bean>
	<!-- Bean Inheritance -->
	<bean id="parbean" class="com.om.cls.Person">
		<property name="pid" value="2133"></property>
		<property name="pname" value="JAyadrat"></property>
		<property name="pemail" value="jaya@gmail.com"></property>
	</bean>
	<bean id="chdbean" class="com.om.cls.Employee" parent="parbean">
		<property name="eOrg" value="Dempster Shaffer system"></property>

	</bean>
	<bean id="empchild" class="com.om.cls.EmpChild" parent="chdbean">
	</bean>
	<bean id="basc" abstract="true" class="com.om.cls.BasClass">
		<property name="emailid" value="om@gmail.com"></property>
		<property name="mobile" value="12345678"></property>
	</bean>
	<bean id="chdc" class="com.om.cls.ChdClassforBasCls" parent="basc"></bean>

	<bean id="ifacea" class="com.om.cls.IFaceA" abstract="true"> </bean>
	<bean id="chda" class="com.om.cls.ChdIFaceA" parent="ifacea"></bean>
	
	<!-- Collection Injection -->
	<bean id="univa" class="com.om.cls.University">
		<property name="uName" value="University Of California"></property>
		<property name="sList">
			<array>
				<bean id="stda" class="com.om.cls.Student">
					<property name="sname" value="Manjrekar"></property>
					<property name="sbranch" value="Civil Engineering"></property>
				</bean>
				<bean id="stdb" class="com.om.cls.Student">
					<property name="sname" value="Manisha"></property>
					<property name="sbranch" value="Mech Engineering"></property>
				</bean>
				<bean id="stdc" class="com.om.cls.Student">
					<property name="sname" value="Menaka"></property>
					<property name="sbranch" value="Robotic Engineering"></property>
				</bean>
				<bean id="stdd" class="com.om.cls.Student">
					<property name="sname" value="Karuna"></property>
					<property name="sbranch" value="Mining Engineering"></property>
				</bean>
				<bean id="stde" class="com.om.cls.Student">
					<property name="sname" value="Kamya"></property>
					<property name="sbranch" value="Astrophysics"></property>
				</bean>
			</array>
		</property>
	</bean>
	<!-- List injection -->
	<bean id="depta" class="com.om.cls.Department">
	<property name="deptid" value="21233"></property>
	<property name="deptname" value="Artificial intelligence"></property>
	<property name="lprofs" >
			<list>
		<bean id="stdaa" class="com.om.cls.Professor">
					<property name="pname" value="Manjrekar"></property>
					<property name="pbranch" value="Civil Engineering"></property>
				</bean>
				<bean id="stdba" class="com.om.cls.Professor">
					<property name="pname" value="Manisha"></property>
					<property name="pbranch" value="Mech Engineering"></property>
				</bean>
				<bean id="stdca" class="com.om.cls.Professor">
					<property name="pname" value="Menaka"></property>
					<property name="pbranch" value="Robotic Engineering"></property>
				</bean>
				<bean id="stdda" class="com.om.cls.Professor">
					<property name="pname" value="Karuna"></property>
					<property name="pbranch" value="Mining Engineering"></property>
				</bean>
				<bean id="stdea" class="com.om.cls.Professor">
					<property name="pname" value="Kamya"></property>
					<property name="pbranch" value="Astrophysics"></property>
				</bean>
	
	</list>
	</property>
	</bean>
	<!-- Map Injection -->
	<bean id="firstcls" class="com.om.cls.FirstCls">
	<property name="idenStr" value="Testing Site Hazardous"></property>
	<property name="MyMap">
	<map>
		<entry key="21" value="Terracoat"></entry>
	<entry key="22" value="CEMENT"></entry>
	<entry key="23" value="Aloovada"></entry>
	<entry key="24" value="Anaconda"></entry>
	<entry key="25" value="Python"></entry>
	</map>
	</property>
	</bean>
	
</beans>